post_id,author_name,contact_email,location,email_draft
101,Mark Spencer,mark.s@nexusinnovations.com,Sri Lanka,"Subject: Elevate Your Leadership Summit with AIRPARK's Exclusive Packages

Hi Mark,

As the VP of Global Operations at Nexus Innovations, organizing a successful leadership summit is paramount. We at AIRPARK specialize in curated travel solutions that align perfectly with your needs in Sri Lanka. With a high travel intent and a substantial budget of $50k for corporate facilities, we can offer unmatched premium venues and seamless logistics tailored for your 30 executives.

Let's collaborate to design a bespoke package that not only meets but exceeds your expectations. Would you be available for a brief call this week to discuss a custom proposal? Alternatively, I can send over some tailored options directly to your email: mark.s@nexusinnovations.com.

Looking forward to transforming your summit plans into an extraordinary experience.

Best regards,

[Your Full Name]  
AIRPARK Travel Specialist  
[Your Contact Information]"
102,Elena Rostova,elena@rostovawealth.uk,Seychelles,"Subject: Exclusive Anniversary Retreat in Seychelles Awaits You

Dear Elena,

Congratulations on your upcoming 10th anniversary! As the Founder of Rostova Wealth Management, you deserve nothing but the finest for your celebratory getaway in Seychelles. Understanding your need for a Luxury 5-Star Private Villa with a budget of $20k, AIRPARK is thrilled to offer exclusive options that promise an enchanting and unforgettable experience.

Our curated selection includes opulent private villas that align perfectly with your specifications, ensuring privacy and unparalleled luxury. We can tailor a bespoke itinerary to enhance your celebration, keeping your high travel intent in mind.

Let's arrange a consultation to present our top recommendations and customize them to your preferences. Please let us know a convenient time for you, or simply reply to this email.

Warm regards,

[Your Name]  
High-End Travel Specialist  
AIRPARK  
[Your Contact Information]  "
104,Pauline Kruger,procurement@mineralsco.za,Madagascar,"Subject: Seamless Johannesburg to Antananarivo Corporate Travel Solutions

Dear Pauline Kruger,

As the Procurement Director at African Minerals Co., your efforts to establish a corporate travel route from Johannesburg to Antananarivo are crucial for your expansion. At AIRPARK, we specialize in crafting efficient corporate travel solutions that align with your specific requirements, ensuring seamless operations between offices.

Understanding your need for top-notch corporate facilities, we are eager to propose options tailored to accommodate your team, enhancing productivity while meeting budgetary expectations. Our expertise includes dedicated travel management and corporate accommodations tailored to your needs.

Let's arrange a brief meeting to discuss a customized travel plan that aligns with your objectives. Please let me know your availability this week, and I'll ensure a dedicated specialist is on hand to address all your needs.

Looking forward to supporting your logistics with precision and excellence.

Best regards,

[Your Full Name]  
[Your Job Title]  
AIRPARK  
[Your Contact Information]"
109,Helen Williams,h.williams@fintech.io,Seychelles,"Subject: Elevate Your Strategy Offsite in Seychelles

Hi Helen,

As the Chief Strategy Officer at FinTech Innovations, your search for a premium venue in Seychelles aligns perfectly with AIRPARK's offerings. We specialize in high-end 5-star resorts tailored for executive gatherings, ensuring both luxurious amenities and top-notch corporate facilities.

With a focus on privacy and security, our handpicked resorts promise an exceptional environment for your 15-member team’s 4-day strategy offsite. Expect seamless integration of work and relaxation, with unparalleled service and exclusive amenities just for you.

Let’s discuss your budget and preferences to craft a bespoke proposal that meets your unique needs. A brief meeting can set the stage for a remarkable experience.

Looking forward to the possibility of creating this tailored experience for FinTech Innovations.

Warm regards,

[Your Name]  
High-End Travel Specialist  
AIRPARK  
[Your Contact Information]  "
112,David Miller,david.m@wealth-partners.com,Sri Lanka,"Subject: Tailored Luxury Tour Experience for Your Sri Lanka Adventure

Hi David,

I noticed your keen interest in creating a unique luxury tour of Sri Lanka and wanted to reach out personally. As a Partner at Global Wealth Management, achieving the perfect blend of comfort and exclusivity undoubtedly matches your expertise.

At AIRPARK, we specialize in crafting bespoke travel experiences, particularly for high-intent planners seeking top-tier 5-star boutique accommodations paired with seamless travel logistics. With your budget of $30k, our team can design a custom itinerary that includes a private driver and hand-selected luxury hotels to ensure every moment of your family trip is memorable.

Could we schedule a brief call early next week to discuss specific preferences and tailor a proposal that aligns with your vision? Alternatively, I can forward a preliminary plan based on your post.

Looking forward to curating this exceptional journey for you.

Warm regards,

[Your Name]  
AIRPARK Travel Specialist"
113,Robert Lin,procurement@buildcorp.eu,Madagascar,"Subject: Tailored Corporate Solutions for Your Madagascar Project

Dear Robert,

Navigating logistics in Madagascar for your engineering team is crucial. As the Head of Infrastructure Projects at BuildCorp Europe, you deserve seamless corporate facilities and efficient solutions.

AIRPARK specializes in providing tailored travel and housing solutions that ensure your 20 rotating engineers are supported with secure transport, top-notch corporate housing, and logistical efficiency. We understand the importance of maintaining high productivity levels, even in remote locations.

Given your high travel intent, I propose a discussion to align our offerings with your specific needs and budget. Our expertise can help you establish a robust infrastructure for your team in Madagascar.

Please let me know a convenient time for a quick call or meeting to explore this further. We are prepared to create an optimal proposal that aligns with BuildCorp Europe's objectives.

Best regards,

[Your Full Name]  
High-End Travel Solutions Specialist  
[Your Contact Information]  
AIRPARK"
